,n_point,method,time[sec],TSP[m]
0,68,tsp-solver,0.32838,18659
1,1,tsp-solver,5e-05,0
2,1,tsp-solver,1e-05,0
3,6,tsp-solver,0.00235,15321
4,35,tsp-solver,0.08801,23645
5,17,tsp-solver,0.02144,14640
9,24,tsp-solver,0.0408,19199
10,62,tsp-solver,0.27333,16777
11,35,tsp-solver,0.08867,22913
12,18,tsp-solver,0.02277,10287
13,7,tsp-solver,0.00303,4253
14,65,tsp-solver,0.29459,20385
15,14,tsp-solver,0.0143,10818
16,25,tsp-solver,0.04419,12734
18,12,tsp-solver,0.00971,5589
21,4,tsp-solver,0.00109,14418
22,15,tsp-solver,0.01573,8992
23,20,tsp-solver,0.02814,13010
Sum,429,,1.2765900000000001,231640
