,n_point,method,time[sec],TSP[m]
0,44,tsp-solver,0.3161,10160
1,1,tsp-solver,5e-05,0
2,1,tsp-solver,1e-05,0
3,10,tsp-solver,0.01399,11406
4,22,tsp-solver,0.07752,17636
5,1,tsp-solver,3e-05,0
6,18,tsp-solver,0.05316,10287
7,23,tsp-solver,0.08798,10840
9,17,tsp-solver,0.04422,13439
10,8,tsp-solver,0.0096,11902
11,15,tsp-solver,0.03222,8071
12,1,tsp-solver,4e-05,0
13,1,tsp-solver,2e-05,0
14,11,tsp-solver,0.02107,5917
15,41,tsp-solver,0.30398,10207
16,14,tsp-solver,0.03049,10818
17,62,tsp-solver,0.692,16728
18,14,tsp-solver,0.03265,7977
19,14,tsp-solver,0.03365,7895
21,19,tsp-solver,0.05551,11220
23,14,tsp-solver,0.03316,8653
24,29,tsp-solver,0.13807,11097
25,7,tsp-solver,0.00855,5760
27,10,tsp-solver,0.01724,9449
28,8,tsp-solver,0.01108,8035
29,25,tsp-solver,0.10337,11406
Sum,430,,2.11576,218903
