,n_point,method,time[sec],TSP[m]
0,35,tsp-solver,0.08819,12307
1,1,tsp-solver,2e-05,0
2,1,tsp-solver,1e-05,0
3,6,tsp-solver,0.00228,3404
4,23,tsp-solver,0.03698,19232
5,24,tsp-solver,0.03968,13149
8,35,tsp-solver,0.08851,22913
9,17,tsp-solver,0.02007,13439
10,9,tsp-solver,0.00564,7255
12,38,tsp-solver,0.09978,10004
13,14,tsp-solver,0.01343,8653
14,7,tsp-solver,0.00324,16595
15,19,tsp-solver,0.02553,11211
16,14,tsp-solver,0.01346,10818
17,12,tsp-solver,0.00955,5589
18,65,tsp-solver,0.29433,20278
19,7,tsp-solver,0.00378,28766
21,63,tsp-solver,0.27642,16887
22,1,tsp-solver,5e-05,0
23,7,tsp-solver,0.00308,4253
24,19,tsp-solver,0.02513,11220
25,14,tsp-solver,0.01381,7781
Sum,431,,1.0629700000000004,243754
