,n_point,method,time[sec],TSP[m]
0,62,tsp-solver,0.26974,15288
1,1,tsp-solver,4e-05,0
2,1,tsp-solver,1e-05,0
3,12,tsp-solver,0.00977,5589
4,25,tsp-solver,0.04494,17920
5,18,tsp-solver,0.02343,12674
8,27,tsp-solver,0.05146,15651
9,14,tsp-solver,0.01393,8653
10,19,tsp-solver,0.02599,13997
12,23,tsp-solver,0.03804,12317
13,15,tsp-solver,0.0162,13810
16,19,tsp-solver,0.02526,11211
17,7,tsp-solver,0.00319,5760
19,24,tsp-solver,0.03969,11972
20,35,tsp-solver,0.08769,12307
22,7,tsp-solver,0.00303,4253
23,5,tsp-solver,0.00172,10273
24,8,tsp-solver,0.00431,6442
25,31,tsp-solver,0.06578,8796
27,12,tsp-solver,0.01122,11546
28,62,tsp-solver,0.27317,14727
Sum,427,,1.00861,213186
